,work_type,File_name,page_number,Type,Find_word,old_text,new_text,Text_value
0,Collect,Day1-3 Training Leadership Guide.pptx,page 1,table,,,,사용한 폰트
1,Collect,Day1-3 Training Leadership Guide.pptx,page 1,table,,,,사용한 색상
2,Collect,Day1-3 Training Leadership Guide.pptx,page 1,table,,,,배달의민족 도현
3,Collect,Day1-3 Training Leadership Guide.pptx,page 1,table,,,,
4,Collect,Day1-3 Training Leadership Guide.pptx,page 1,table,,,,
5,Collect,Day1-3 Training Leadership Guide.pptx,page 1,table,,,,
6,Collect,Day1-3 Training Leadership Guide.pptx,page 1,table,,,,나눔스퀘어
7,Collect,Day1-3 Training Leadership Guide.pptx,page 1,table,,,,
8,Collect,Day1-3 Training Leadership Guide.pptx,page 1,table,,,,
9,Collect,Day1-3 Training Leadership Guide.pptx,page 1,table,,,,
10,Collect,Day1-3 Training Leadership Guide.pptx,page 1,shape,,,,
11,Collect,Day1-3 Training Leadership Guide.pptx,page 1,shape,,,,
12,Collect,Day1-3 Training Leadership Guide.pptx,page 1,shape,,,,
13,Collect,Day1-3 Training Leadership Guide.pptx,page 1,shape,,,,
14,Collect,Day1-3 Training Leadership Guide.pptx,page 2,shape,,,,강사 리더십 프로그램 
15,Collect,Day1-3 Training Leadership Guide.pptx,page 2,shape,,,,Lv1 관계 형성하기
16,Collect,Day1-3 Training Leadership Guide.pptx,page 2,shape,,,,INSTRUCTOR
17,Collect,Day1-3 Training Leadership Guide.pptx,page 2,shape,,,,EVALUATION
18,Collect,Day1-3 Training Leadership Guide.pptx,page 2,shape,,,,FORM
19,Collect,Day1-3 Training Leadership Guide.pptx,page 2,table,,,,교육 중 카메라를 ON 해주시기 바랍니다. 
20,Collect,Day1-3 Training Leadership Guide.pptx,page 2,table,,,,COUPANG CS Learning & Development
21,Collect,Day1-3 Training Leadership Guide.pptx,page 3,table,,,,01
22,Collect,Day1-3 Training Leadership Guide.pptx,page 3,table,,,,
23,Collect,Day1-3 Training Leadership Guide.pptx,page 3,table,,,,02
24,Collect,Day1-3 Training Leadership Guide.pptx,page 3,table,,,,
25,Collect,Day1-3 Training Leadership Guide.pptx,page 3,table,,,,03
26,Collect,Day1-3 Training Leadership Guide.pptx,page 3,table,,,,쿠쿠팡팡 고객 정의하기
27,Collect,Day1-3 Training Leadership Guide.pptx,page 3,table,,,,
28,Collect,Day1-3 Training Leadership Guide.pptx,page 3,table,,,,쿠쿠팡팡 교육 환경 정의하기
29,Collect,Day1-3 Training Leadership Guide.pptx,page 3,table,,,,
30,Collect,Day1-3 Training Leadership Guide.pptx,page 3,table,,,,좋은 관계를 만드는 리더십
31,Collect,Day1-3 Training Leadership Guide.pptx,page 3,shape,,,,Contetns
32,Collect,Day1-3 Training Leadership Guide.pptx,page 4,shape,,,,Purpose
33,Collect,Day1-3 Training Leadership Guide.pptx,page 4,table,,,,Rapport의 정의와 중요성을 이해한다.
34,Collect,Day1-3 Training Leadership Guide.pptx,page 4,table,,,,강의 진행 전 Rapport를 형성하여 교육 친밀도를 높일 수 있다.
35,Collect,Day1-3 Training Leadership Guide.pptx,page 5,shape,,,,01
36,Collect,Day1-3 Training Leadership Guide.pptx,page 5,shape,,,,쿠쿠팡팡 강사의 역할
37,Collect,Day1-3 Training Leadership Guide.pptx,page 6,shape,,,,01-1
38,Collect,Day1-3 Training Leadership Guide.pptx,page 6,shape,,,,쿠쿠팡팡 강사의 자기 평가
39,Collect,Day1-3 Training Leadership Guide.pptx,page 7,shape,,,,심각한 오류는 잘못된 답 때문에 생기는 것이 아니다.
40,Collect,Day1-3 Training Leadership Guide.pptx,page 7,shape,,,,정말 위험한 것은 잘못된 질문을 던지는 것이다.
41,Collect,Day1-3 Training Leadership Guide.pptx,page 7,shape,,,,- Peter Ferdinand Drucker
42,Collect,Day1-3 Training Leadership Guide.pptx,page 7,table,,,,01. 쿠쿠팡팡 강사의 역할
43,Collect,Day1-3 Training Leadership Guide.pptx,page 8,table,,,,01. 쿠쿠팡팡 강사의 역할
44,Collect,Day1-3 Training Leadership Guide.pptx,page 8,shape,,,,쿠쿠팡팡의 사업은 무엇입니까?
45,Collect,Day1-3 Training Leadership Guide.pptx,page 8,shape,,,,쿠쿠팡팡의 고객은 누구입니까?
46,Collect,Day1-3 Training Leadership Guide.pptx,page 8,shape,,,,쿠쿠팡팡의 고객이 가치있게 여기는 것들은 무엇입니까?
47,Collect,Day1-3 Training Leadership Guide.pptx,page 8,shape,,,,쿠쿠팡팡이 만들어야하는 결과는 무엇입니까?
48,Collect,Day1-3 Training Leadership Guide.pptx,page 8,shape,,,,쿠쿠팡팡은 무엇으로 기억되기를 원합니까?
49,Collect,Day1-3 Training Leadership Guide.pptx,page 8,shape,,,,피터 드러커의 5가지 경영원칙 #1
50,Collect,Day1-3 Training Leadership Guide.pptx,page 9,shape,,,,피터 드러커의 5가지 경영원칙 
51,Collect,Day1-3 Training Leadership Guide.pptx,page 9,shape,,,,쿠쿠팡팡 강사의 사업은 무엇입니까?
52,Collect,Day1-3 Training Leadership Guide.pptx,page 9,shape,,,,쿠쿠팡팡 강사의 고객은 누구입니까?
53,Collect,Day1-3 Training Leadership Guide.pptx,page 9,shape,,,,쿠쿠팡팡 강사의 고객이 가치있게 여기는 것들은 무엇입니까?
54,Collect,Day1-3 Training Leadership Guide.pptx,page 9,shape,,,,쿠쿠팡팡 강사가 만들어야하는 결과는 무엇입니까?
55,Collect,Day1-3 Training Leadership Guide.pptx,page 9,shape,,,,쿠쿠팡팡 강사는 무엇으로 기억되기를 원합니까?
56,Collect,Day1-3 Training Leadership Guide.pptx,page 9,shape,,,,피터 드러커의 5가지 경영원칙 #2
57,Collect,Day1-3 Training Leadership Guide.pptx,page 9,shape,,,,실습
58,Collect,Day1-3 Training Leadership Guide.pptx,page 9,shape,,,,3~4명을 한팀으로 조직합니다.
59,Collect,Day1-3 Training Leadership Guide.pptx,page 9,shape,,,,"각 팀별로 소규모 회의실에 모여 토론을 하고, 3~5분간 질문들에 대한 답변을 작성합니다."
60,Collect,Day1-3 Training Leadership Guide.pptx,page 9,shape,,,,전체 회의실에 모여 각 질문에 대한 답을 공유합니다.
61,Collect,Day1-3 Training Leadership Guide.pptx,page 9,table,,,,01. 쿠쿠팡팡 강사의 역할
62,Collect,Day1-3 Training Leadership Guide.pptx,page 10,shape,,,,01-2
63,Collect,Day1-3 Training Leadership Guide.pptx,page 10,shape,,,,고객 여정 지도
64,Collect,Day1-3 Training Leadership Guide.pptx,page 11,shape,,,,여행 계획표를 작성할 때 반드시 포함되어야 하는 사항들은 무엇입니까?
65,Collect,Day1-3 Training Leadership Guide.pptx,page 11,table,,,,01. 쿠쿠팡팡 강사의 역할
66,Collect,Day1-3 Training Leadership Guide.pptx,page 12,shape,,,,타사의 고객 여정 지도
67,Collect,Day1-3 Training Leadership Guide.pptx,page 12,table,,,,01. 쿠쿠팡팡 강사의 역할
68,Collect,Day1-3 Training Leadership Guide.pptx,page 13,table,,,,
69,Collect,Day1-3 Training Leadership Guide.pptx,page 13,table,,,,신입 교육
70,Collect,Day1-3 Training Leadership Guide.pptx,page 13,table,,,, OJT 교육
71,Collect,Day1-3 Training Leadership Guide.pptx,page 13,table,,,,3개월
72,Collect,Day1-3 Training Leadership Guide.pptx,page 13,table,,,,6개월
73,Collect,Day1-3 Training Leadership Guide.pptx,page 13,table,,,,1년
74,Collect,Day1-3 Training Leadership Guide.pptx,page 13,table,,,,2년 이상
75,Collect,Day1-3 Training Leadership Guide.pptx,page 13,table,,,,행동 특징
76,Collect,Day1-3 Training Leadership Guide.pptx,page 13,table,,,,
77,Collect,Day1-3 Training Leadership Guide.pptx,page 13,table,,,,
78,Collect,Day1-3 Training Leadership Guide.pptx,page 13,table,,,,
79,Collect,Day1-3 Training Leadership Guide.pptx,page 13,table,,,,
80,Collect,Day1-3 Training Leadership Guide.pptx,page 13,table,,,,
81,Collect,Day1-3 Training Leadership Guide.pptx,page 13,table,,,,
82,Collect,Day1-3 Training Leadership Guide.pptx,page 13,table,,,,원하는 것들
83,Collect,Day1-3 Training Leadership Guide.pptx,page 13,table,,,,
84,Collect,Day1-3 Training Leadership Guide.pptx,page 13,table,,,,
85,Collect,Day1-3 Training Leadership Guide.pptx,page 13,table,,,,
86,Collect,Day1-3 Training Leadership Guide.pptx,page 13,table,,,,
87,Collect,Day1-3 Training Leadership Guide.pptx,page 13,table,,,,
88,Collect,Day1-3 Training Leadership Guide.pptx,page 13,table,,,,
89,Collect,Day1-3 Training Leadership Guide.pptx,page 13,table,,,,교육 시 주의해야할 점
90,Collect,Day1-3 Training Leadership Guide.pptx,page 13,table,,,,
91,Collect,Day1-3 Training Leadership Guide.pptx,page 13,table,,,,
92,Collect,Day1-3 Training Leadership Guide.pptx,page 13,table,,,,
93,Collect,Day1-3 Training Leadership Guide.pptx,page 13,table,,,,
94,Collect,Day1-3 Training Leadership Guide.pptx,page 13,table,,,,
95,Collect,Day1-3 Training Leadership Guide.pptx,page 13,table,,,,
96,Collect,Day1-3 Training Leadership Guide.pptx,page 13,table,,,,"지식 향상을 위해필요한 교육
"
97,Collect,Day1-3 Training Leadership Guide.pptx,page 13,table,,,,
98,Collect,Day1-3 Training Leadership Guide.pptx,page 13,table,,,,
99,Collect,Day1-3 Training Leadership Guide.pptx,page 13,table,,,,
100,Collect,Day1-3 Training Leadership Guide.pptx,page 13,table,,,,
101,Collect,Day1-3 Training Leadership Guide.pptx,page 13,table,,,,
102,Collect,Day1-3 Training Leadership Guide.pptx,page 13,table,,,,
103,Collect,Day1-3 Training Leadership Guide.pptx,page 13,shape,,,,
104,Collect,Day1-3 Training Leadership Guide.pptx,page 13,shape,,,,
105,Collect,Day1-3 Training Leadership Guide.pptx,page 13,shape,,,,
106,Collect,Day1-3 Training Leadership Guide.pptx,page 13,shape,,,,
107,Collect,Day1-3 Training Leadership Guide.pptx,page 13,group,,,,지식수준
108,Collect,Day1-3 Training Leadership Guide.pptx,page 13,group,,,,
109,Collect,Day1-3 Training Leadership Guide.pptx,page 13,shape,,,,쿠쿠팡팡 상담사 여정 지도
110,Collect,Day1-3 Training Leadership Guide.pptx,page 13,table,,,,01. 쿠쿠팡팡 강사의 역할
111,Collect,Day1-3 Training Leadership Guide.pptx,page 14,shape,,,,01-3
112,Collect,Day1-3 Training Leadership Guide.pptx,page 14,shape,,,,쿠쿠팡팡 강사와 교육생의 관계
113,Collect,Day1-3 Training Leadership Guide.pptx,page 15,table,,,,01. 쿠쿠팡팡 강사의 역할
114,Collect,Day1-3 Training Leadership Guide.pptx,page 15,shape,,,,
115,Collect,Day1-3 Training Leadership Guide.pptx,page 16,shape,,,,의사소통에서 상대방과 형성되는 친밀감 또는 신뢰관계
116,Collect,Day1-3 Training Leadership Guide.pptx,page 16,shape,,,,"두 사람의 인간 사이에서 마음이 통하고, 따뜻한 공감이 있으며 감정교류가 잘 되는 것. 얘기가 통하는 정도"
117,Collect,Day1-3 Training Leadership Guide.pptx,page 16,shape,,,,"‘마음이 서로 통한다’, ‘무슨 일이라도 털어놓고 말할 수 있다’, ‘말한 것이 충분히 이해된다’고 느껴지는 관계를 말한다. "
118,Collect,Day1-3 Training Leadership Guide.pptx,page 16,table,,,,01. 쿠쿠팡팡 강사의 역할
119,Collect,Day1-3 Training Leadership Guide.pptx,page 16,shape,,,,Rapport
120,Collect,Day1-3 Training Leadership Guide.pptx,page 17,shape,,,,이름 불러주기
121,Collect,Day1-3 Training Leadership Guide.pptx,page 17,shape,,,,좋아하는 것 물어보기
122,Collect,Day1-3 Training Leadership Guide.pptx,page 17,shape,,,,작은 것도 칭찬하기
123,Collect,Day1-3 Training Leadership Guide.pptx,page 17,shape,,,,지적하지 않기
124,Collect,Day1-3 Training Leadership Guide.pptx,page 17,shape,,,,긍정적인 기대가 섞인 말을 많이 해주기
125,Collect,Day1-3 Training Leadership Guide.pptx,page 17,shape,,,,편안한 분위기를 만들어주기
126,Collect,Day1-3 Training Leadership Guide.pptx,page 17,shape,,,,상대방이 사용하는 표현을 따라하기
127,Collect,Day1-3 Training Leadership Guide.pptx,page 17,shape,,,,공통점을 공유하고 공감대 형성하기
128,Collect,Day1-3 Training Leadership Guide.pptx,page 17,table,,,,01. 쿠쿠팡팡 강사의 역할
129,Collect,Day1-3 Training Leadership Guide.pptx,page 17,shape,,,,Rapport 형성하기
130,Collect,Day1-3 Training Leadership Guide.pptx,page 18,shape,,,,02
131,Collect,Day1-3 Training Leadership Guide.pptx,page 18,shape,,,,쿠쿠팡팡 교육 환경 정의하기
132,Collect,Day1-3 Training Leadership Guide.pptx,page 19,shape,,,,02-1
133,Collect,Day1-3 Training Leadership Guide.pptx,page 19,shape,,,,좋은 강사의 정의
134,Collect,Day1-3 Training Leadership Guide.pptx,page 20,shape,,,,쿠쿠팡팡의 좋은 강사는 어떤 사람입니까? 
135,Collect,Day1-3 Training Leadership Guide.pptx,page 20,table,,,,02. 쿠쿠팡팡 교육 환경 정의하기
136,Collect,Day1-3 Training Leadership Guide.pptx,page 21,shape,,,,좋은 강사의 자질
137,Collect,Day1-3 Training Leadership Guide.pptx,page 21,shape,,,,정서적 공유
138,Collect,Day1-3 Training Leadership Guide.pptx,page 21,shape,,,,타인에게 끼치는 영향에 대한 인식
139,Collect,Day1-3 Training Leadership Guide.pptx,page 21,shape,,,,상호 작용에서 보여지는 용기
140,Collect,Day1-3 Training Leadership Guide.pptx,page 21,shape,,,,자신을 정직하게 바라보려는 의지
141,Collect,Day1-3 Training Leadership Guide.pptx,page 21,shape,,,,타인의 성장에 대한 관심
142,Collect,Day1-3 Training Leadership Guide.pptx,page 21,shape,,,,교육에 대한 신뢰와 열정
143,Collect,Day1-3 Training Leadership Guide.pptx,page 21,table,,,,02. 쿠쿠팡팡 교육 환경 정의하기
144,Collect,Day1-3 Training Leadership Guide.pptx,page 22,shape,,,,02-2
145,Collect,Day1-3 Training Leadership Guide.pptx,page 22,shape,,,,강사가 지양해야할 행동
146,Collect,Day1-3 Training Leadership Guide.pptx,page 23,shape,,,,강사가 지양해야할 질문들
147,Collect,Day1-3 Training Leadership Guide.pptx,page 23,shape,,,,교육생들이 내게 어떤 기대를 가지고 있을까?
148,Collect,Day1-3 Training Leadership Guide.pptx,page 23,shape,,,,나는 교육을 잘 시작할 수 있을까? 어떻게 해야 할까?
149,Collect,Day1-3 Training Leadership Guide.pptx,page 23,shape,,,,교육 시간이 많이 남거나 부족하면 어떻게 하지?
150,Collect,Day1-3 Training Leadership Guide.pptx,page 23,shape,,,,내가 처음이라는 사실을 교육생들이 알게되면 어떡하지?
151,Collect,Day1-3 Training Leadership Guide.pptx,page 23,shape,,,,내가 미리 모든 계획을 다 가지고 있어야 하나?
152,Collect,Day1-3 Training Leadership Guide.pptx,page 23,shape,,,,질문을 했는데 아무도 대답하지 않으면 어쩌지?
153,Collect,Day1-3 Training Leadership Guide.pptx,page 23,shape,,,,너무 지루하서 조는 교육생들이 많아지면 어떡하지?
154,Collect,Day1-3 Training Leadership Guide.pptx,page 23,table,,,,02. 쿠쿠팡팡 교육 환경 정의하기
155,Collect,Day1-3 Training Leadership Guide.pptx,page 24,shape,,,,적절한 자기 개방의 정도
156,Collect,Day1-3 Training Leadership Guide.pptx,page 24,table,,,,02. 쿠쿠팡팡 교육 환경 정의하기
157,Collect,Day1-3 Training Leadership Guide.pptx,page 25,shape,,,,너무 적은 자기 개방
158,Collect,Day1-3 Training Leadership Guide.pptx,page 25,shape,,,,너무 적은 자기 개방이 문제가 되는 이유는 무엇입니까?
159,Collect,Day1-3 Training Leadership Guide.pptx,page 25,shape,,,,강사가 자기 개방을 적게 하려고 하는 이유는 무엇입니까?
160,Collect,Day1-3 Training Leadership Guide.pptx,page 25,shape,,,,자기 개방의 폭을 넓히려면 어떻게 해야 합니까?
161,Collect,Day1-3 Training Leadership Guide.pptx,page 25,table,,,,02. 쿠쿠팡팡 교육 환경 정의하기
162,Collect,Day1-3 Training Leadership Guide.pptx,page 26,shape,,,,너무 많은 자기 개방
163,Collect,Day1-3 Training Leadership Guide.pptx,page 26,shape,,,,너무 많은 자기 개방이 문제가 되는 이유는 무엇입니까?
164,Collect,Day1-3 Training Leadership Guide.pptx,page 26,shape,,,,강사가 자기 개방을 많이 하려고 하는 이유는 무엇입니까?
165,Collect,Day1-3 Training Leadership Guide.pptx,page 26,shape,,,,자기 개방의 폭을 줄이려면 어떻게 해야 합니까?
166,Collect,Day1-3 Training Leadership Guide.pptx,page 26,table,,,,02. 쿠쿠팡팡 교육 환경 정의하기
167,Collect,Day1-3 Training Leadership Guide.pptx,page 27,shape,,,,적절하고 교육 효과를 높이는 자기 개방
168,Collect,Day1-3 Training Leadership Guide.pptx,page 27,shape,,,,너무 자주 자신의 사례를 드는 것은 옳지 않다.
169,Collect,Day1-3 Training Leadership Guide.pptx,page 27,shape,,,,"시범 보이기, 관계 강화, 롤플레잉을 돕기 위해 사용할 수 있다."
170,Collect,Day1-3 Training Leadership Guide.pptx,page 27,shape,,,,강사의 욕구로 인해 자기 개방을 해서는 안된다.
171,Collect,Day1-3 Training Leadership Guide.pptx,page 27,shape,,,,"자기 개방 이후 교육생들의 반응을 관찰하고, 수정 개선한다."
172,Collect,Day1-3 Training Leadership Guide.pptx,page 27,shape,,,,
173,Collect,Day1-3 Training Leadership Guide.pptx,page 27,table,,,,02. 쿠쿠팡팡 교육 환경 정의하기
174,Collect,Day1-3 Training Leadership Guide.pptx,page 28,shape,,,,02-3
175,Collect,Day1-3 Training Leadership Guide.pptx,page 28,shape,,,,교육생의 변화 촉진
176,Collect,Day1-3 Training Leadership Guide.pptx,page 29,shape,,,,변화 촉진 기술
177,Collect,Day1-3 Training Leadership Guide.pptx,page 29,shape,,,,적극적 경청
178,Collect,Day1-3 Training Leadership Guide.pptx,page 29,shape,,,,공감적 이해
179,Collect,Day1-3 Training Leadership Guide.pptx,page 29,shape,,,,초점 맞추기
180,Collect,Day1-3 Training Leadership Guide.pptx,page 29,shape,,,,모델링
181,Collect,Day1-3 Training Leadership Guide.pptx,page 29,shape,,,,적극적 참여 유도
182,Collect,Day1-3 Training Leadership Guide.pptx,page 29,table,,,,02. 쿠쿠팡팡 교육 환경 정의하기
183,Collect,Day1-3 Training Leadership Guide.pptx,page 30,shape,,,,1. 적극적 경청
184,Collect,Day1-3 Training Leadership Guide.pptx,page 30,shape,,,,"교육생의 말과 행동에 민감하게 반응하여, 강사가 이해한 사항을 재진술"
185,Collect,Day1-3 Training Leadership Guide.pptx,page 30,shape,,,,"교육 중 수시로 교육생들의 행동(표정, 자세, 움직임)등을 관찰하고 피드백 제공"
186,Collect,Day1-3 Training Leadership Guide.pptx,page 30,shape,,,,"교육생의 말과 행동을 파악하고, 어떤 감정을 느끼는지 파악해보기"
187,Collect,Day1-3 Training Leadership Guide.pptx,page 30,shape,,,,"성급하게 결론 내리기 보다는 교육생의 이야기를 끝까지 듣고, 방향을 모색하기"
188,Collect,Day1-3 Training Leadership Guide.pptx,page 30,table,,,,02. 쿠쿠팡팡 교육 환경 정의하기
189,Collect,Day1-3 Training Leadership Guide.pptx,page 31,shape,,,,2. 공감적 이해
190,Collect,Day1-3 Training Leadership Guide.pptx,page 31,shape,,,,"다른 사람의 감정을 가슴으로 느끼고, 입장을 머리로 이해하는 것"
191,Collect,Day1-3 Training Leadership Guide.pptx,page 31,shape,,,,교육생 개개인에 대한 이해와 개방성 필요
192,Collect,Day1-3 Training Leadership Guide.pptx,page 31,shape,,,,비언어적 의사 표현에서 나오는 메시지 이해하기
193,Collect,Day1-3 Training Leadership Guide.pptx,page 31,shape,,,,교육생의 입장에서 주관적 감정을 공유하고 상황을 이해함과 동시에 강사로서의 개별성을 유지하는 것이 필요
194,Collect,Day1-3 Training Leadership Guide.pptx,page 31,table,,,,02. 쿠쿠팡팡 교육 환경 정의하기
195,Collect,Day1-3 Training Leadership Guide.pptx,page 32,shape,,,,3. 초점 맞추기
196,Collect,Day1-3 Training Leadership Guide.pptx,page 32,shape,,,,교육 과정에서 논의되는 주제를 중심으로 이야기를 펼쳐 나가는 것
197,Collect,Day1-3 Training Leadership Guide.pptx,page 32,shape,,,,강사의 자기 개방정도를 조정하기
198,Collect,Day1-3 Training Leadership Guide.pptx,page 32,shape,,,,교육생들의 초점이 교육 주제와 일치하는지 주기적으로 체크
199,Collect,Day1-3 Training Leadership Guide.pptx,page 32,shape,,,,초점 맞추기  단계
200,Collect,Day1-3 Training Leadership Guide.pptx,page 32,shape,,,,초점 설정
201,Collect,Day1-3 Training Leadership Guide.pptx,page 32,shape,,,,초점 유지
202,Collect,Day1-3 Training Leadership Guide.pptx,page 32,shape,,,,초점 이동
203,Collect,Day1-3 Training Leadership Guide.pptx,page 32,shape,,,,초점 심화
204,Collect,Day1-3 Training Leadership Guide.pptx,page 32,table,,,,02. 쿠쿠팡팡 교육 환경 정의하기
205,Collect,Day1-3 Training Leadership Guide.pptx,page 33,shape,,,,4. 모델링
206,Collect,Day1-3 Training Leadership Guide.pptx,page 33,shape,,,,강사가 보이는 모든 종류의 시범 기술
207,Collect,Day1-3 Training Leadership Guide.pptx,page 33,shape,,,,교육생들이 고객 상담에 익숙해질 수 있도록 단계적 구조화
208,Collect,Day1-3 Training Leadership Guide.pptx,page 33,shape,,,,"롤 플레잉에서 대화 방식, 경청, 반응 등에서 모델 역할 담당"
209,Collect,Day1-3 Training Leadership Guide.pptx,page 33,shape,,,,부정적 감정 표현을 긍정적으로 바꾸어 설명하기
210,Collect,Day1-3 Training Leadership Guide.pptx,page 33,shape,,,,
211,Collect,Day1-3 Training Leadership Guide.pptx,page 33,table,,,,02. 쿠쿠팡팡 교육 환경 정의하기
212,Collect,Day1-3 Training Leadership Guide.pptx,page 34,shape,,,,5. 적극적 참여 유도
213,Collect,Day1-3 Training Leadership Guide.pptx,page 34,shape,,,,참여를 유도하는 방법들
214,Collect,Day1-3 Training Leadership Guide.pptx,page 34,shape,,,,순서대로 돌아가기
215,Collect,Day1-3 Training Leadership Guide.pptx,page 34,shape,,,,손들기
216,Collect,Day1-3 Training Leadership Guide.pptx,page 34,shape,,,,방법 사용 시 필요한 액션들
217,Collect,Day1-3 Training Leadership Guide.pptx,page 34,shape,,,,아이컨텍
218,Collect,Day1-3 Training Leadership Guide.pptx,page 34,shape,,,,몸 기울이기
219,Collect,Day1-3 Training Leadership Guide.pptx,page 34,shape,,,,흥미와 관심 표현하기
220,Collect,Day1-3 Training Leadership Guide.pptx,page 34,shape,,,,호응하기
221,Collect,Day1-3 Training Leadership Guide.pptx,page 34,table,,,,02. 쿠쿠팡팡 교육 환경 정의하기
222,Collect,Day1-3 Training Leadership Guide.pptx,page 35,shape,,,,02-4
223,Collect,Day1-3 Training Leadership Guide.pptx,page 35,shape,,,,좋은 관계를 측정하는 방법
224,Collect,Day1-3 Training Leadership Guide.pptx,page 36,shape,,,,03
225,Collect,Day1-3 Training Leadership Guide.pptx,page 36,shape,,,,좋은 관계를 만드는 리더십
226,Collect,Day1-3 Training Leadership Guide.pptx,page 37,shape,,,,03-1
227,Collect,Day1-3 Training Leadership Guide.pptx,page 37,shape,,,,상황적 리더십의 이해
228,Collect,Day1-3 Training Leadership Guide.pptx,page 38,shape,,,,아래 2명의 교육생 중 1명만 채용해야 한다면 누구를 채용하겠습니까?
229,Collect,Day1-3 Training Leadership Guide.pptx,page 38,shape,,,,
230,Collect,Day1-3 Training Leadership Guide.pptx,page 38,table,,,,03. 쿠쿠팡팡 교육 환경 정의하기
231,Collect,Day1-3 Training Leadership Guide.pptx,page 39,shape,,,,직장 상사 유형론
232,Collect,Day1-3 Training Leadership Guide.pptx,page 39,table,,,,03. 쿠쿠팡팡 교육 환경 정의하기
233,Collect,Day1-3 Training Leadership Guide.pptx,page 40,shape,,,,03-2
234,Collect,Day1-3 Training Leadership Guide.pptx,page 40,shape,,,,상황적 리더십의 적용
235,Collect,Day1-3 Training Leadership Guide.pptx,page 41,shape,,,,리더십의 4가지 유형
236,Collect,Day1-3 Training Leadership Guide.pptx,page 41,shape,,,," S1 (지시형, Telling) "
237,Collect,Day1-3 Training Leadership Guide.pptx,page 41,shape,,,,구체적인 지시와 명령을 내리고 업무 수행을 면밀하게 감독하는 리더십
238,Collect,Day1-3 Training Leadership Guide.pptx,page 41,shape,,,,"S2 (지도형, Selling) "
239,Collect,Day1-3 Training Leadership Guide.pptx,page 41,shape,,,,"지시형과 마찬가지로 리더가 의사 결정의 주체이나, 부하직원에게 일방적인 지시를 하기 보다는 소통하고설득하는 리더십"
240,Collect,Day1-3 Training Leadership Guide.pptx,page 41,shape,,,,"S3 (지원형, Participating)"
241,Collect,Day1-3 Training Leadership Guide.pptx,page 41,shape,,,,"부하직원과 의사결정을 함께하며, 업무 달성을 위한 지원을 하는 리더십"
242,Collect,Day1-3 Training Leadership Guide.pptx,page 41,shape,,,,"S4 (위임형, Delegating)"
243,Collect,Day1-3 Training Leadership Guide.pptx,page 41,shape,,,,의사결정의 책임을 부하직원에게 위임하는 리더십
244,Collect,Day1-3 Training Leadership Guide.pptx,page 41,table,,,,03. 쿠쿠팡팡 교육 환경 정의하기
245,Collect,Day1-3 Training Leadership Guide.pptx,page 42,shape,,,,부하직원의 4가지 유형
246,Collect,Day1-3 Training Leadership Guide.pptx,page 42,shape,,,,M1 
247,Collect,Day1-3 Training Leadership Guide.pptx,page 42,shape,,,, 낮은 능력과 낮은 의욕 (예: 아직 부족한 새내기)
248,Collect,Day1-3 Training Leadership Guide.pptx,page 42,shape,,,,M2 
249,Collect,Day1-3 Training Leadership Guide.pptx,page 42,shape,,,,낮은 능력과 높은 의욕 (예: 의욕과 열정이 넘치는 사원)
250,Collect,Day1-3 Training Leadership Guide.pptx,page 42,shape,,,,M3
251,Collect,Day1-3 Training Leadership Guide.pptx,page 42,shape,,,,높은 능력과 낮은 의욕 (예: 권태기가 찾아온 중간관리자)
252,Collect,Day1-3 Training Leadership Guide.pptx,page 42,shape,,,,M4 
253,Collect,Day1-3 Training Leadership Guide.pptx,page 42,shape,,,,높은 능력과 높은 의욕 (예: 역량이 뛰어난 상급자)
254,Collect,Day1-3 Training Leadership Guide.pptx,page 42,table,,,,03. 쿠쿠팡팡 교육 환경 정의하기
255,Collect,Day1-3 Training Leadership Guide.pptx,page 43,shape,,,,상황적합 리더십
256,Collect,Day1-3 Training Leadership Guide.pptx,page 43,table,,,,03. 쿠쿠팡팡 교육 환경 정의하기
257,Collect,Day1-3 Training Leadership Guide.pptx,page 44,shape,,,,REVIEW
258,Collect,Day1-3 Training Leadership Guide.pptx,page 44,shape,,,,01
259,Collect,Day1-3 Training Leadership Guide.pptx,page 44,shape,,,,02
260,Collect,Day1-3 Training Leadership Guide.pptx,page 44,shape,,,,03
261,Collect,Day1-3 Training Leadership Guide.pptx,page 44,shape,,,,리더십은 고정되어 있는 가치가 아닙니다.관계와 역량에 따라 변화합니다.
262,Collect,Day1-3 Training Leadership Guide.pptx,page 44,shape,,,,교육생들의 변화를 촉진하기 위해 우리는 5가지 기술을 사용합니다.
263,Collect,Day1-3 Training Leadership Guide.pptx,page 44,shape,,,,적극적 경청 / 공감적 이해 / 초점 맞추기 / 모델링 / 적극적 참여 유도
264,Collect,Day1-3 Training Leadership Guide.pptx,page 44,shape,,,,쿠쿠팡팡 강사의 고객은 교육생입니다.
265,Collect,Day1-3 Training Leadership Guide.pptx,page 44,shape,,,,교육생의 만족도 향상을 위해 노력합니다.
266,Collect,Day1-3 Training Leadership Guide.pptx,page 45,shape,,,,감사합니다
267,Collect,Day1-3 Training Leadership Guide.pptx,page 45,shape,,,,INSTRUCTOR
268,Collect,Day1-3 Training Leadership Guide.pptx,page 45,shape,,,,EVALUATION
269,Collect,Day1-3 Training Leadership Guide.pptx,page 45,shape,,,,FORM
270,Collect,Day1-3 Training Leadership Guide.pptx,page 45,table,,,,쉬는시간
271,Collect,Day1-3 Training Leadership Guide.pptx,page 45,table,,,,COUPANG CS Learning & Development
